{"cameraMode":{"drawMode":0,"name":"Shaded","section":"Shading Mode"},"sceneLighting":true,"audioPlay":false,"sceneViewState":{"m_AlwaysRefresh":false,"showFog":true,"showSkybox":true,"showFlares":true,"showImageEffects":true,"showParticleSystems":true,"showVisualEffectGraphs":true,"m_FxEnabled":true},"in2DMode":false,"pivot":{"x":-2.328319549560547,"y":0.08479004353284836,"z":-0.7709681391716003},"rotation":{"x":-0.007244765758514404,"y":0.5514556765556336,"z":0.004801567178219557,"w":0.83417147397995},"size":0.7735753655433655,"orthographic":false}