{"cameraMode":{"drawMode":0,"name":"Shaded","section":"Shading Mode"},"sceneLighting":true,"audioPlay":false,"sceneViewState":{"m_AlwaysRefresh":false,"showFog":true,"showSkybox":true,"showFlares":true,"showImageEffects":true,"showParticleSystems":true,"showVisualEffectGraphs":true,"m_FxEnabled":true},"in2DMode":false,"pivot":{"x":-2.3279471397399904,"y":-0.04972667247056961,"z":-0.7808798551559448},"rotation":{"x":0.00042342967935837805,"y":-0.9995810389518738,"z":0.019391996785998346,"w":0.021790476515889169},"size":2.767380714416504,"orthographic":true}