{"cameraMode":{"drawMode":0,"name":"Shaded","section":"Shading Mode"},"sceneLighting":true,"audioPlay":false,"sceneViewState":{"m_AlwaysRefresh":false,"showFog":true,"showSkybox":true,"showFlares":true,"showImageEffects":true,"showParticleSystems":true,"showVisualEffectGraphs":true,"m_FxEnabled":true},"in2DMode":false,"pivot":{"x":-237.07220458984376,"y":-124.72927856445313,"z":-9.548336029052735},"rotation":{"x":0.16772785782814027,"y":-0.6966926455497742,"z":0.17293845117092133,"w":0.6757058501243591},"size":136.93341064453126,"orthographic":false}