{"cameraMode":{"drawMode":0,"name":"Shaded","section":"Shading Mode"},"sceneLighting":true,"audioPlay":false,"sceneViewState":{"m_AlwaysRefresh":false,"showFog":true,"showSkybox":true,"showFlares":true,"showImageEffects":true,"showParticleSystems":true,"showVisualEffectGraphs":true,"m_FxEnabled":true},"in2DMode":false,"pivot":{"x":-9.427327156066895,"y":1.6532584428787232,"z":0.8104442954063416},"rotation":{"x":0.010681729763746262,"y":0.6863793730735779,"z":0.01008442509919405,"w":-0.7270994782447815},"size":6.607396125793457,"orthographic":false}